{"training_loss": 4.793699741363525, "_timestamp": 1725229331.965027, "_runtime": 69.45782613754272, "_step": 75, "_wandb": {"runtime": 67}}