{"_wandb": {"runtime": 7201}, "bleu": 0.011428754479506986, "train_loss": NaN, "epoch": 0, "step": 12753, "_timestamp": 1725222240.5882847, "_runtime": 7201.713555812836, "_step": 12753}