{"train_loss": 5.168261528015137, "epoch": 0, "step": 47, "_timestamp": 1725228798.670126, "_runtime": 42.91714406013489, "_step": 47, "_wandb": {"runtime": 43}}