{"bleu2": 0.04981299705324801, "train_loss": 2.0278576686184033, "epoch": 2, "step": 2814, "_timestamp": 1725324061.0777986, "_runtime": 3154.7312517166138, "_step": 2814, "_wandb": {"runtime": 3154}}