{"train_loss": 5.227104663848877, "epoch": 0, "step": 169, "_timestamp": 1725228963.5448482, "_runtime": 148.02940821647644, "_step": 169, "_wandb": {"runtime": 148}}