{"train_loss": NaN, "epoch": 0, "step": 86, "_timestamp": 1725223883.9759736, "_runtime": 47.05151057243347, "_step": 86, "_wandb": {"runtime": 46}}