{"train_loss": 5.780150413513184, "epoch": 0, "step": 5, "_timestamp": 1725228138.6405516, "_runtime": 6.643221616744995, "_step": 5, "_wandb": {"runtime": 6}}