{"_wandb": {"runtime": 2918}, "bleu": 0.011452604571619517, "train_loss": 5.152885272260731, "epoch": 0, "step": 3751, "_timestamp": 1725316702.9316194, "_runtime": 1691.6711444854736, "_step": 3751}