{"train_loss": 7.3016133308410645, "epoch": 0, "step": 3, "_timestamp": 1725228606.3898804, "_runtime": 4.8521833419799805, "_step": 3, "_wandb": {"runtime": 5}}